BAAUTO,BAJAJ AUTO LIMITED,INE917I01010,BAJAJ AUTO
MAHMAH,MAHINDRA & MAHINDRA LIMITED,INE101A01026,MAHINDRA & MAHINDRA
MARUTI,MARUTI SUZUKI INDIA LTD,INE585B01010,MARUTI SUZUKI
TATMOT,TATA MOTORS LIMITED,INE155A01022,TATA MOTORS
FEDBAN,FEDERAL BANK LTD,INE171A01029,FEDERAL BANK
HDFBAN,HDFC BANK LIMITED,INE040A01034,HDFC BANK
STABAN,STATE BANK OF INDIA,INE062A01020,SBI
YESBAN,YES BANK LIMITED,INE528G01035,YES BANK
NAGCON,NCC LIMITED,INE868B01028,NCC
BHAELE,BHARAT ELECTRONICS LTD,INE263A01024,BEL
DATPAT,DATA PATTERNS INDIA LIMITED,INE0IX101010,DATA PATTERNS
BAJFI,BAJAJ FINANCE LIMITED,INE296A01024,BAJAJ FINANCE
JIOFIN,JIO FINANCIAL SERVICES LIMITED,INE758E01017,JIO FINANCE
LTFINA,LT FINANCE HOLDINGS LIMITED,INE498L01015,Larsen and Toubro FINANCE
TITIND,TITAN COMPANY LIMITED,INE280A01028,TITAN
INFTEC,INFOSYS LTD,INE009A01021,INFOSYS
LTINFO,LTIMINDTREE LIMITED,INE214T01019,LTIMINDTREE
TATTEC,TATA TECHNOLOGIES LIMITED,INE142M01025,TATA TECHNOLOGIES
TCS,TATA CONSULTANCY SERVICES LTD,INE467B01029,TCS
LARTOU,LARSEN AND TOUBRO LIMITED,INE018A01030,Larsen and Toubro
TATPOW,TATA POWER CO LTD,INE245A01021,TATA POWER
INDRAI,INDIAN RAIL CAT AND TOUR IRCTC,INE335Y01020,IRCTC
RELIND,RELIANCE INDUSTRIES,INE002A01018,RELIANCE
TATSTE,TATA STEEL LIMITED,INE081A01020,TATA STEEL
